user_id,age,gender,location,registration_date,total_orders,avg_order_value,preferred_category
user_00000,56,F,Cohendan,2025-05-31,4,24.671113307661166,home
user_00001,39,M,Munoz-sur-Coulon,2025-05-27,2,70.21589725109716,sports
user_00002,38,F,Bazinboeuf,2023-10-12,1,85.66665479835949,fashion
user_00003,45,F,JacquetBourg,2024-04-27,3,72.16621259189964,sports
user_00004,20,F,Saint Martin,2024-05-29,2,87.85377352951409,fashion
user_00005,26,M,Texierboeuf,2024-08-28,5,104.93963028249556,electronics
user_00006,53,M,Colletnec,2024-03-28,4,79.71143014222724,fashion
user_00007,53,F,Vallée,2024-04-03,3,121.02678315848584,beauty
user_00008,33,F,Bernard,2025-07-18,6,83.69389592579506,electronics
user_00009,61,M,Sainte Renée,2025-06-06,1,76.74097269260821,home
user_00010,52,F,Dumas,2023-11-26,2,94.93790294210692,fashion
user_00011,50,M,Royer-sur-Mer,2024-12-03,6,114.26635381367078,home
user_00012,18,F,Guibert-sur-Huet,2024-09-14,2,66.55372721748068,sports
user_00013,30,M,Delmas-les-Bains,2024-03-08,7,94.98677321466789,beauty
user_00014,49,F,GauthierVille,2024-12-11,5,72.55706096783601,home
user_00015,45,M,Lacombe,2024-02-02,3,43.037773551824266,beauty
user_00016,58,M,Sainte SébastienVille,2025-06-15,5,70.50631963746122,electronics
user_00017,69,M,Saint Gabrielle,2023-12-16,6,67.90514954804789,electronics
user_00018,19,F,Carre,2024-11-09,3,83.9586469088427,sports
user_00019,28,M,Marinboeuf,2025-08-09,7,49.93965887141404,home
user_00020,23,F,LarocheBourg,2025-03-18,6,80.69613311107932,fashion
user_00021,57,M,Raynaud,2024-10-02,5,103.5101132714539,fashion
user_00022,65,F,Sainte Virginieboeuf,2025-10-03,5,47.891478673657545,home
user_00023,37,F,DiasBourg,2025-10-03,4,45.38630160747171,sports
user_00024,52,M,Lemonnier-sur-Simon,2024-09-17,7,84.8542916604691,sports
user_00025,25,F,Didier,2025-05-04,4,73.5003008120229,beauty
user_00026,68,F,RoyBourg,2024-12-10,7,86.2594019341007,electronics
user_00027,61,F,LegrosBourg,2025-09-29,3,80.88184548706552,beauty
user_00028,66,F,Sainte Adrien-les-Bains,2024-04-25,4,81.66388000569192,fashion
user_00029,42,M,Teixeira,2025-09-13,5,32.52791697485159,home
user_00030,59,F,Saint Éléonore,2024-12-28,10,102.12671532079501,sports
user_00031,68,M,Saint Jérôme,2024-10-02,3,119.06696920541796,electronics
user_00032,39,F,Perrin,2025-04-27,1,70.842044026317,sports
user_00033,54,F,Blot,2024-04-25,4,117.66851790902098,sports
user_00034,47,F,Sainte Frédéric,2025-10-02,8,100.14961836941372,beauty
user_00035,18,M,Grenier,2025-03-22,5,110.97265582510364,beauty
user_00036,56,F,Bailly-sur-Gaudin,2024-12-26,4,74.8184112046541,sports
user_00037,22,M,Gauthier-les-Bains,2025-02-25,3,60.54187190434229,fashion
user_00038,65,F,Cohennec,2024-07-20,3,85.0544083358403,beauty
user_00039,62,M,Saint Dominiquenec,2024-11-14,2,107.67805845374957,home
user_00040,37,F,Chevallier-les-Bains,2025-02-27,8,70.40701701842919,beauty
user_00041,43,F,Martineau,2025-04-03,6,91.2279478385716,electronics
user_00042,38,F,Bonneau,2024-09-29,6,116.3102693610625,beauty
user_00043,29,M,Mace,2023-10-25,7,91.86935614565621,electronics
user_00044,53,M,Gosselin,2025-01-08,7,54.81947855500894,home
user_00045,38,F,Blanchard-la-Forêt,2024-07-28,4,48.57434161636804,fashion
user_00046,22,F,Laurent,2023-10-19,9,37.55038223156364,beauty
user_00047,18,F,FabreBourg,2025-02-02,6,87.3702704273217,home
user_00048,27,F,Berger,2024-09-04,2,64.52972196639539,sports
user_00049,25,M,Meunier,2025-07-26,7,83.55413543392561,fashion
user_00050,61,F,Poirier-sur-Mer,2024-05-26,4,110.30722068341032,electronics
user_00051,35,M,Saint Josette-sur-Mer,2025-07-29,8,53.01035565280094,sports
user_00052,41,F,Guyot,2025-04-12,4,27.61880448807343,sports
user_00053,30,F,Germain,2025-09-23,9,95.87429376415906,electronics
user_00054,18,F,Teixeira-les-Bains,2025-07-01,6,95.27370754022543,beauty
user_00055,55,F,Evrard,2024-01-15,5,142.34588819528284,electronics
user_00056,68,M,Hernandez-sur-Mer,2024-04-21,3,10.0,home
user_00057,67,F,Saint VincentBourg,2024-09-07,5,76.95210814151461,beauty
user_00058,38,F,Delorme,2024-02-26,8,24.123074347180342,sports
user_00059,47,F,Allard,2024-09-03,6,143.83910415890912,fashion
user_00060,23,F,Collet,2025-04-14,3,51.96244285458664,electronics
user_00061,20,F,Picard,2024-02-21,6,99.63019824769881,beauty
user_00062,23,M,LangloisVille,2024-01-31,5,100.43766972071617,home
user_00063,65,M,Texier,2024-05-03,4,121.13905217727475,fashion
user_00064,45,M,Rocher-les-Bains,2024-05-28,3,102.29670889167299,home
user_00065,64,M,Leclercq,2025-07-03,5,94.33750463630608,electronics
user_00066,34,M,Bonnet,2024-02-23,6,87.32104922942855,fashion
user_00067,64,F,Laroche,2025-05-04,3,59.161473960152094,fashion
user_00068,51,M,Sainte Josette,2025-03-19,3,66.48728775139375,sports
user_00069,47,M,LopezBourg,2024-05-21,3,47.234738753434144,home
user_00070,48,M,Blanc-sur-Carlier,2024-10-28,7,100.84949828891129,home
user_00071,25,M,Klein,2023-10-21,7,91.22510455477408,beauty
user_00072,28,F,Dupontdan,2024-01-24,6,67.52257253095198,beauty
user_00073,26,F,Sainte Élise-sur-Mer,2025-06-13,7,92.8271930149502,home
user_00074,26,M,Roche,2025-09-23,6,100.48374185733073,beauty
user_00075,22,M,Saint AlexandrieBourg,2025-02-27,10,99.26480924347523,electronics
user_00076,42,M,MartineauVille,2025-10-03,3,16.328162292010077,home
user_00077,24,F,Dias,2024-05-31,10,127.97445752357518,sports
user_00078,39,F,Albertdan,2024-12-04,5,86.65467629255836,beauty
user_00079,46,M,Meyer-sur-Salmon,2024-10-15,7,160.17067628925918,fashion
user_00080,57,F,Becker-sur-Mer,2024-12-27,6,88.28184383814678,sports
user_00081,22,F,Dupuis,2023-10-30,8,106.77299871696076,beauty
user_00082,38,M,Perrier,2024-12-24,4,37.49779836881464,beauty
user_00083,26,M,Saint Marcelleboeuf,2024-03-19,7,127.46448407532547,home
user_00084,34,F,Schneider,2023-11-25,3,116.16478435335787,home
user_00085,39,M,Clerc,2024-08-07,7,64.05351915053943,electronics
user_00086,49,M,Saint Thomasboeuf,2025-01-09,4,84.01740189352005,home
user_00087,35,M,Clément,2024-12-22,6,68.69725686598704,beauty
user_00088,56,F,Le Roux-les-Bains,2024-06-15,9,85.767140092283,electronics
user_00089,64,F,Delaunay-les-Bains,2025-08-06,11,42.674484087826514,fashion
user_00090,24,F,Ruiz-les-Bains,2024-05-24,8,71.24464457420572,sports
user_00091,37,F,Seguin,2025-09-28,6,117.65620832867633,fashion
user_00092,47,F,Sainte Sophie,2023-12-20,4,149.6571861529922,electronics
user_00093,39,F,Guillou-sur-Garnier,2025-02-06,4,105.16771853241316,fashion
user_00094,38,F,Saint Simone,2025-06-21,4,58.03600275272608,home
user_00095,57,M,Vasseur-la-Forêt,2024-03-17,8,57.71098307530083,electronics
user_00096,68,M,Pruvost,2024-09-26,8,32.35639478274298,sports
user_00097,36,F,Lefèvreboeuf,2024-04-10,3,81.28318063778323,fashion
user_00098,19,M,Pires,2025-02-14,5,99.99212860336331,sports
user_00099,68,M,Sainte Thierry,2025-04-10,4,100.97785328111652,fashion
user_00100,66,M,Sainte Noël,2024-07-06,9,109.55454203915619,beauty
user_00101,24,M,Delormenec,2023-11-10,8,89.01542962738,home
user_00102,61,M,Bertrandnec,2024-03-21,4,97.37711189932368,beauty
user_00103,39,M,Verdier-sur-Fischer,2024-06-08,4,27.10946211057528,fashion
user_00104,51,M,Saint Constancenec,2024-03-01,13,132.38716437192136,electronics
user_00105,20,M,Étiennenec,2025-02-05,6,69.31419918540195,electronics
user_00106,41,M,Diallo,2025-05-31,10,119.14512220413417,beauty
user_00107,68,F,Gérard,2025-05-04,3,75.05240127210524,home
user_00108,23,F,Lemonnier,2025-01-30,5,30.075538774189454,electronics
user_00109,41,F,Clément,2024-03-05,4,180.0211501619248,beauty
user_00110,51,M,Devaux,2023-12-22,3,100.20203987460513,home
user_00111,51,M,Sainte Christine,2024-12-14,4,78.97861154988149,sports
user_00112,65,F,Sainte Isabelle-la-Forêt,2023-11-03,6,105.45674468878934,beauty
user_00113,50,F,Lefort-sur-Noël,2025-03-11,12,140.401219772081,home
user_00114,48,F,Le Gall,2025-08-29,3,97.54757664358002,beauty
user_00115,29,M,Denis,2025-04-29,8,97.0123608771531,fashion
user_00116,58,F,Saint William,2024-06-02,6,117.20895249579317,electronics
user_00117,27,M,Mathieu-sur-Robert,2025-03-29,1,54.20454101766819,fashion
user_00118,67,F,Lévêque,2024-11-23,5,71.52508573673312,home
user_00119,28,F,Fernandes-sur-Guyot,2025-03-11,5,118.8025957577861,beauty
user_00120,46,M,Techer,2025-01-25,6,97.92520733001246,beauty
user_00121,37,M,Duhamel-sur-Pereira,2025-10-06,5,92.29922992385097,electronics
user_00122,42,F,Saint LucyVille,2024-08-03,4,133.79558415099046,home
user_00123,46,M,Saint David,2024-06-19,5,10.561150403043953,electronics
user_00124,61,M,Barthelemy,2024-10-25,4,41.39720508176782,beauty
user_00125,34,M,Sainte Maurice,2024-04-30,4,143.95982525361137,beauty
user_00126,42,F,DelmasVille,2025-04-10,3,84.89192382728295,sports
user_00127,37,M,Georges,2024-01-14,5,50.249059324223715,beauty
user_00128,69,M,Gilles,2024-03-14,5,95.55673203719309,beauty
user_00129,20,F,Aubert,2024-02-26,10,88.98342094792466,sports
user_00130,23,F,Sainte Danielle,2025-02-20,5,65.45745989156654,beauty
user_00131,68,M,FrançoisBourg,2023-11-20,7,70.48342497837035,beauty
user_00132,49,F,MaheVille,2025-04-06,3,44.659437242681975,sports
user_00133,66,F,BenoitBourg,2025-07-18,6,73.89488108339829,electronics
user_00134,68,F,Cousin,2023-11-06,9,129.2962104917769,electronics
user_00135,52,F,Fernandes,2025-04-29,6,126.40274062442354,electronics
user_00136,64,F,Berthelot-sur-Besnard,2023-10-26,5,136.5029644094316,sports
user_00137,62,M,Torres,2025-01-27,6,131.12834680222124,beauty
user_00138,37,F,Sainte Françoisenec,2023-11-23,6,106.21635049037147,sports
user_00139,64,F,Duboisnec,2025-05-20,2,114.10896661780183,fashion
user_00140,26,F,GrenierVille,2025-02-23,2,106.97920231646738,beauty
user_00141,50,F,Tessier-la-Forêt,2024-09-09,1,82.57850259674252,beauty
user_00142,67,F,Mauricenec,2024-01-14,0,89.18027780863792,electronics
user_00143,56,M,Saint Pénélope,2025-09-29,4,98.57604675464005,beauty
user_00144,69,F,Descamps,2025-07-25,5,79.2795279770996,fashion
user_00145,18,F,Picard-les-Bains,2024-09-01,6,91.52298619539168,electronics
user_00146,63,F,Nguyen-sur-Fleury,2024-08-17,7,109.07412646959065,electronics
user_00147,65,F,Morel,2024-07-30,2,73.05037281928115,fashion
user_00148,55,M,Albert-sur-Nicolas,2023-11-12,8,52.11174739314394,beauty
user_00149,36,M,Maillot,2024-07-07,4,41.79847352217117,home
user_00150,25,F,Roux,2024-10-31,6,50.29767324844154,fashion
user_00151,65,F,PayetBourg,2024-02-23,6,39.01612443212964,home
user_00152,33,F,Leconte-les-Bains,2024-11-17,5,83.98940419273852,beauty
user_00153,69,F,Vincentdan,2023-11-09,7,56.489554506947954,home
user_00154,24,F,Marin-sur-Mer,2025-01-11,4,126.92244109181117,electronics
user_00155,61,M,ValetteBourg,2023-11-03,8,82.7456749956995,beauty
user_00156,59,F,Le Gall,2024-11-09,5,64.79528127268395,sports
user_00157,27,M,Roche,2025-06-06,5,93.36982486671405,beauty
user_00158,32,M,Pires-les-Bains,2024-12-21,4,71.95522714269265,beauty
user_00159,35,M,Mercierboeuf,2025-05-30,5,64.2735876314137,fashion
user_00160,55,F,Sainte Thibaut,2025-03-24,2,51.97662151489945,electronics
user_00161,56,M,Chauvin,2025-01-06,3,63.66104125718387,beauty
user_00162,25,F,Millet-sur-Delorme,2024-03-22,8,63.84964432724773,sports
user_00163,53,F,Marin,2025-02-23,6,83.32692767026882,sports
user_00164,25,F,Sainte Victoire,2025-08-03,6,87.25561262818559,fashion
user_00165,25,F,Besson,2023-12-20,4,121.81150179910455,electronics
user_00166,40,M,Saint ÉléonoreVille,2024-01-13,4,51.899001814783794,sports
user_00167,35,F,Allard,2024-07-04,8,20.41328221142551,fashion
user_00168,47,F,Fontaineboeuf,2024-02-19,4,71.97669461512058,sports
user_00169,35,F,Sainte Sabine,2025-08-09,7,68.6866170032998,home
user_00170,52,M,Girard-sur-Renaud,2024-04-06,2,86.69949774691321,sports
user_00171,30,F,Reynaudboeuf,2023-10-30,3,100.89078263070192,home
user_00172,19,F,GuérinBourg,2024-03-18,3,89.46002371606335,electronics
user_00173,40,M,Sainte Denisboeuf,2025-07-23,2,74.88742086645883,home
user_00174,24,F,Le Rouxnec,2024-02-10,5,99.98580955286225,fashion
user_00175,54,F,Rodriguez-sur-Martinez,2025-06-15,6,153.66046206393017,fashion
user_00176,44,M,Devaux-sur-Lemaître,2024-01-04,7,81.32959292076684,electronics
user_00177,28,M,Mace,2024-09-04,3,71.94530206435745,sports
user_00178,65,F,Saint Suzannenec,2024-06-19,8,66.83153380789408,beauty
user_00179,50,F,Valletdan,2025-03-31,4,139.78029140640808,home
user_00180,39,F,Boyer,2024-08-30,3,87.65940092194037,beauty
user_00181,25,M,Potier,2025-03-19,2,136.6638581705491,home
user_00182,41,M,Sainte Élise,2025-04-13,9,61.06121566775667,sports
user_00183,34,M,Thomas-sur-Rivière,2025-05-25,4,80.6580804614284,sports
user_00184,31,M,Imbert,2024-12-06,6,109.94884922993405,sports
user_00185,51,M,Sainte Mariannedan,2025-07-10,5,84.16987997217215,electronics
user_00186,67,F,Wagnernec,2025-04-28,2,94.22220093427302,home
user_00187,49,M,Boulanger,2023-12-28,8,109.4721163761789,home
user_00188,39,F,Sainte Robertboeuf,2025-05-02,5,84.59846153040883,sports
user_00189,30,M,Saint Paul,2025-09-09,4,101.09250197185128,sports
user_00190,64,F,Meunier,2023-10-11,6,92.35055786381402,fashion
user_00191,60,M,Thierry,2025-03-02,10,79.07711384073882,electronics
user_00192,51,F,Laroche,2025-02-27,6,121.32218616817255,home
user_00193,43,M,Sainte Marc,2023-10-29,2,103.57111594858881,sports
user_00194,62,M,Pauldan,2023-10-23,5,146.84510729909192,fashion
user_00195,47,F,Clerc,2024-02-22,4,121.25098691779428,beauty
user_00196,29,F,Vallet-sur-Mer,2024-04-13,5,59.70218187118772,sports
user_00197,66,F,Hamel-la-Forêt,2024-12-18,8,80.94271313103906,sports
user_00198,28,F,MaillardVille,2025-06-04,7,97.86436943862093,home
user_00199,36,M,Sainte Antoine-sur-Mer,2024-11-19,7,90.91901259978556,sports
user_00200,56,F,Guillet,2024-08-26,2,76.77314928836407,sports
user_00201,41,M,Michaud-sur-Rey,2024-02-18,1,55.020617270495876,fashion
user_00202,47,M,Garcia,2025-02-21,7,90.21748251501288,home
user_00203,37,F,Munoznec,2025-06-20,4,79.9224734783108,fashion
user_00204,49,F,Guibert,2024-03-18,5,108.82794038865481,fashion
user_00205,54,F,Camus-la-Forêt,2025-01-02,5,47.37131730492252,sports
user_00206,59,M,Becker,2024-10-05,8,101.53959174283128,fashion
user_00207,38,M,Laine,2025-07-18,4,71.94387014149099,sports
user_00208,41,F,Jourdannec,2024-10-07,5,88.85355212793257,sports
user_00209,63,F,Bertrand,2024-09-28,1,116.97582996284912,sports
user_00210,45,M,Caron,2025-02-26,6,62.1561350374315,home
user_00211,23,M,Thomas,2025-02-15,4,39.5159253969034,sports
user_00212,27,M,Jacques,2024-11-26,5,86.46006210649152,sports
user_00213,37,F,LesageVille,2025-06-20,4,113.70570637826722,electronics
user_00214,45,M,Pichon,2023-11-11,5,85.72658370018274,electronics
user_00215,62,F,Caron,2024-01-22,5,127.36661666246287,home
user_00216,22,F,Hardy,2024-05-29,5,93.12923616538578,fashion
user_00217,23,F,Weiss,2025-06-22,7,94.12578758660266,fashion
user_00218,65,F,Saint AstridBourg,2024-02-10,3,65.11858684411209,fashion
user_00219,28,F,AlbertVille,2025-09-16,7,24.109783967812533,fashion
user_00220,52,F,Loiseau-la-Forêt,2025-06-28,3,69.72414278543609,home
user_00221,21,F,Sainte Lucas,2024-06-09,2,108.32593722444832,electronics
user_00222,63,F,Henry-la-Forêt,2024-06-17,5,73.62010240485014,sports
user_00223,25,M,Lecoq-sur-Guillou,2025-03-19,3,50.83996184587261,fashion
user_00224,55,M,Moulin,2025-07-27,5,111.65988260652881,sports
user_00225,36,F,Chauvindan,2024-05-17,3,69.19733702035029,electronics
user_00226,50,M,MarionBourg,2025-04-07,5,113.50922775920728,electronics
user_00227,33,M,Weber,2025-07-06,6,136.31840117745776,sports
user_00228,54,F,Cohen-sur-Clément,2024-10-25,3,104.59849519748613,sports
user_00229,29,M,Marteldan,2024-09-16,3,165.6260309709088,beauty
user_00230,68,M,Guillaumedan,2025-07-30,7,78.77106841052863,electronics
user_00231,18,M,Huet-la-Forêt,2024-09-04,2,32.500663773436095,beauty
user_00232,29,F,Martin,2024-01-29,6,46.36157831446001,electronics
user_00233,30,F,Sainte Victor,2024-02-09,5,10.0,beauty
user_00234,66,M,Langlois-sur-Renard,2023-11-13,2,67.57666634488085,electronics
user_00235,41,F,GeorgesBourg,2025-03-14,4,110.61139137048484,home
user_00236,30,F,Guyotboeuf,2024-07-31,6,116.55851217484798,sports
user_00237,22,M,Hervé-sur-Daniel,2025-07-10,3,55.63134261678189,sports
user_00238,35,M,Sainte Margot-sur-Mer,2025-08-02,7,119.03441560252956,fashion
user_00239,46,F,Marion,2023-10-11,2,60.62785003030709,fashion
user_00240,68,F,Sainte Susannec,2024-04-10,5,50.688213780380146,electronics
user_00241,58,M,Lefebvre,2023-12-09,3,88.2567911732957,beauty
user_00242,66,M,Saint Bernard,2024-10-01,5,87.43188612080971,fashion
user_00243,47,M,GrosBourg,2025-07-23,9,60.85028017209136,electronics
user_00244,41,M,Collin-la-Forêt,2024-12-20,4,124.30926238358825,home
user_00245,64,M,Baronnec,2025-01-31,5,126.87051432369869,sports
user_00246,55,M,Roynec,2025-06-29,3,101.38852744011099,sports
user_00247,43,M,Fernandez-sur-Mer,2024-05-20,2,85.19266809432814,fashion
user_00248,23,F,Saint Nicolas,2024-11-20,5,92.18729621089626,sports
user_00249,26,F,Germain-sur-Mary,2024-05-29,6,112.11768252210568,electronics
user_00250,30,F,Jacquot,2024-06-29,5,79.95568544245631,sports
user_00251,38,F,Sainte Juliette,2025-09-13,5,70.83728266908618,home
user_00252,53,M,ChevallierBourg,2024-02-25,7,164.33030041051103,home
user_00253,44,F,Saint Anouk,2025-05-02,5,39.910890148145405,electronics
user_00254,37,M,Lamynec,2024-03-24,4,83.43940934625958,fashion
user_00255,53,M,Alves,2025-03-17,8,134.24580845932454,home
user_00256,64,F,Pruvost,2024-04-12,5,102.80670166842586,beauty
user_00257,48,F,Joubert,2025-10-06,5,10.0,beauty
user_00258,33,F,Bertin,2025-01-06,7,121.27798332906218,beauty
user_00259,30,F,Weiss,2025-08-28,7,41.813078398714474,sports
user_00260,47,M,Saint Valentine-sur-Mer,2024-09-05,5,63.52249447724402,fashion
user_00261,59,M,Lecoq,2024-05-03,5,95.08480138828124,home
user_00262,25,M,Perez,2024-05-09,2,119.5088807890418,electronics
user_00263,58,M,Jean,2024-10-29,2,93.39527982992826,electronics
user_00264,39,M,Masson-la-Forêt,2024-09-27,8,52.46398620123846,sports
user_00265,30,F,Roussel,2023-10-18,6,54.51252476625252,electronics
user_00266,32,M,Da Costa,2024-04-05,7,90.54702450786931,fashion
user_00267,61,F,Saint Marie-la-Forêt,2024-03-22,7,53.4110476479908,beauty
user_00268,50,F,Roger,2024-08-23,5,65.25179670396045,sports
user_00269,64,F,Morvan,2024-06-23,5,73.18728050580364,sports
user_00270,58,M,Pascalboeuf,2023-12-19,3,76.4082437950967,beauty
user_00271,30,M,Voisin-sur-Marques,2025-07-25,7,94.82259314952964,electronics
user_00272,41,F,Saint Luciedan,2025-04-15,3,74.69766701236098,electronics
user_00273,53,M,BoulangerBourg,2025-03-05,5,143.94085143906725,fashion
user_00274,63,M,Mathieu,2024-07-27,6,77.35300465394623,beauty
user_00275,60,F,Boulay,2023-10-15,3,98.30841768046535,electronics
user_00276,57,M,Sainte Victoire,2024-11-02,4,77.17135501122226,beauty
user_00277,42,F,Blin,2024-04-23,3,46.36673664105287,home
user_00278,53,F,Toussaint-sur-Hernandez,2025-05-24,7,93.93684749436069,beauty
user_00279,51,F,Delorme,2023-11-21,5,101.98842639152112,sports
user_00280,67,F,PierreVille,2025-05-21,8,85.64146633314118,sports
user_00281,64,M,Benoit,2024-04-23,6,96.33182986964907,fashion
user_00282,43,M,LucasBourg,2024-06-30,1,52.327596515565865,fashion
user_00283,55,F,Costa,2025-05-14,3,80.32535577012692,fashion
user_00284,31,F,Normand-la-Forêt,2025-09-22,2,42.28128542649565,home
user_00285,61,F,Bertin-sur-Raymond,2023-12-21,11,77.00043012296756,electronics
user_00286,35,F,Lévy-sur-Marin,2025-10-02,4,85.80043171331607,fashion
user_00287,51,F,Peltierdan,2025-02-25,5,102.16278335214764,home
user_00288,37,F,Lombard,2024-08-27,2,47.48776798090847,sports
user_00289,57,F,Bouchet-sur-Boutin,2025-07-29,3,103.135459790661,home
user_00290,61,F,Vallée,2023-11-13,5,65.51880885035722,sports
user_00291,37,F,Saint Antoine-sur-Mer,2024-10-14,8,124.63912096819035,fashion
user_00292,18,M,Bourdon,2023-11-21,4,72.78891061219659,beauty
user_00293,21,F,Barthelemy-les-Bains,2024-11-13,9,105.58955370870103,sports
user_00294,40,M,Descamps,2024-12-02,4,74.01305382045216,electronics
user_00295,44,M,Saint Noëlboeuf,2024-03-16,9,98.31640690652307,electronics
user_00296,66,F,Fischer,2025-03-25,2,95.43029450615009,electronics
user_00297,23,M,Fabrenec,2025-01-31,4,70.38314307659343,home
user_00298,39,F,Bouvetboeuf,2024-05-19,7,110.90789977739772,electronics
user_00299,65,F,Bailly-sur-Hoarau,2025-09-07,7,102.3892968796794,fashion
user_00300,49,M,Torres,2024-04-22,4,37.346063787473256,electronics
user_00301,38,F,Blondelboeuf,2024-04-27,5,108.78804560479321,home
user_00302,23,F,François-sur-Mer,2025-09-14,6,98.18503691860678,sports
user_00303,65,F,DuvalBourg,2024-05-13,6,108.36809510536342,home
user_00304,60,F,Parent,2024-01-15,3,108.22394384858094,home
user_00305,23,F,Rousset,2025-02-22,5,54.95688770484767,home
user_00306,36,M,Muller-la-Forêt,2024-06-02,3,105.8043673574198,home
user_00307,54,M,Mallet,2024-01-14,6,73.23962080242612,electronics
user_00308,66,M,Pons-les-Bains,2025-02-26,6,63.143649330399796,fashion
user_00309,65,M,Saint Gérard,2024-02-23,3,46.658245626465956,electronics
user_00310,30,F,Cousin,2024-03-14,9,97.14742296877388,fashion
user_00311,23,F,Fontainedan,2024-10-26,5,83.72993025405289,home
user_00312,20,M,Saint Renéedan,2024-11-17,6,68.59959746238204,sports
user_00313,36,F,Renault,2024-10-12,2,76.8503466902184,home
user_00314,23,M,Martineau,2025-07-01,8,101.5442882571857,home
user_00315,39,F,Coulon,2024-01-26,3,95.2176764920149,electronics
user_00316,26,M,DupréVille,2025-08-02,6,84.29343547377286,home
user_00317,69,F,Sainte ManonVille,2025-04-01,5,79.76937226291493,sports
user_00318,34,F,Sainte Philippine,2024-11-19,5,55.80653919336039,fashion
user_00319,50,F,Guyot,2023-11-22,7,28.676713442916736,fashion
user_00320,55,F,Grenier,2024-05-17,5,33.466177125752175,sports
user_00321,50,F,Saint Henriettenec,2025-09-15,7,93.54605930471251,sports
user_00322,60,F,Delorme-sur-Da Silva,2025-01-30,4,85.7616526162723,beauty
user_00323,60,F,Weber,2024-06-22,5,27.40980531407031,beauty
user_00324,65,F,LemonnierBourg,2025-05-30,7,81.87627537326432,fashion
user_00325,40,M,Rodrigues-la-Forêt,2024-10-19,6,108.39266488866463,fashion
user_00326,66,F,Bernier,2024-01-25,6,97.53021095451359,electronics
user_00327,29,F,Saint Susanneboeuf,2025-05-20,5,110.40991263068375,sports
user_00328,64,F,Marty-les-Bains,2024-02-03,7,132.1672649955896,home
user_00329,31,M,BlinVille,2024-10-09,4,67.5874945834591,home
user_00330,32,F,Delmas,2024-11-15,8,100.90573922028734,electronics
user_00331,51,M,Allain,2024-01-27,8,26.246753735960866,home
user_00332,24,F,Laine-les-Bains,2025-01-06,11,78.25499490858256,electronics
user_00333,68,M,Courtois-les-Bains,2024-04-19,6,133.7640202586694,electronics
user_00334,57,M,Simon,2025-02-21,2,44.85522794130632,sports
user_00335,32,M,Hameldan,2024-04-05,4,82.38404053710552,beauty
user_00336,59,M,Mahe,2024-10-10,3,66.85766006385361,sports
user_00337,28,F,Sainte Aurore,2025-08-23,1,18.833018287027926,home
user_00338,19,F,Gillet-sur-Maréchal,2023-10-22,1,102.9638316868573,electronics
user_00339,53,F,Rocher-sur-Mer,2023-10-27,8,105.05021466154243,sports
user_00340,26,M,Boyer-les-Bains,2024-09-15,4,100.89642089159935,beauty
user_00341,39,F,Hamondan,2024-01-05,5,97.36703619570135,beauty
user_00342,19,M,MullerBourg,2025-04-09,3,57.76731459559239,fashion
user_00343,40,F,Clément,2025-06-25,7,130.57851770925305,sports
user_00344,38,F,De Sousa-la-Forêt,2025-08-08,7,92.81326790000668,sports
user_00345,50,M,Vidal,2025-05-12,2,68.83474431421786,beauty
user_00346,49,M,Lacombe,2025-01-12,3,105.1222283785061,beauty
user_00347,55,M,Normand-la-Forêt,2024-03-17,9,76.23220714294692,home
user_00348,52,F,Gros,2025-04-22,6,77.91291605506248,fashion
user_00349,66,F,MichaudBourg,2024-10-29,5,69.15898484310085,fashion
user_00350,36,F,Barthelemy,2025-09-22,9,40.87584754980198,home
user_00351,38,F,Laporte-les-Bains,2025-04-24,5,89.23507896074624,fashion
user_00352,44,F,Roger-la-Forêt,2025-09-08,7,97.12304965027025,sports
user_00353,18,M,Costenec,2024-05-19,5,54.340776688276115,electronics
user_00354,60,M,Besson-sur-Mer,2024-08-20,9,72.42053364004836,home
user_00355,39,F,JulienVille,2025-05-14,4,92.47035029093571,home
user_00356,24,F,Boucherboeuf,2023-11-01,6,105.6480020215254,electronics
user_00357,25,F,Saint Jeannine,2023-11-18,4,54.35678132024224,electronics
user_00358,59,F,Lebreton-sur-Ledoux,2024-01-13,2,65.21193194442301,sports
user_00359,67,M,Maillet,2024-01-09,2,63.85394638553529,home
user_00360,54,F,Teixeiranec,2024-03-09,6,73.55427582425283,electronics
user_00361,53,F,PeltierVille,2024-06-11,3,67.59569045491672,fashion
user_00362,48,M,Salmon,2025-08-09,5,42.208632331557766,electronics
user_00363,18,M,Weiss-la-Forêt,2025-06-12,3,108.44086667087531,electronics
user_00364,39,F,Sainte Victornec,2024-03-08,10,136.0808946504381,sports
user_00365,61,F,Valentin,2025-06-06,4,82.757674955495,home
user_00366,42,F,Le Roux,2025-06-23,12,78.49734950541485,home
user_00367,45,F,Saint Julie,2024-08-04,7,91.8913305040689,fashion
user_00368,20,F,Sainte Isabelle,2025-02-27,5,89.06207447450834,sports
user_00369,56,F,Michelnec,2024-12-17,4,34.94683738292115,electronics
user_00370,53,M,Legrosdan,2024-02-04,4,56.90480875631212,fashion
user_00371,64,F,Lelièvre,2025-08-25,5,64.96661330593341,electronics
user_00372,47,F,Salmonnec,2024-04-22,4,67.01900518479043,home
user_00373,69,F,Faure,2024-02-10,5,51.6998928434222,electronics
user_00374,64,M,Gilles,2025-09-15,2,92.47536015141692,home
user_00375,29,M,Guillou,2025-05-21,5,58.19520298337175,beauty
user_00376,38,F,Jourdanboeuf,2024-01-21,3,87.94202618616833,electronics
user_00377,66,M,DufourBourg,2023-11-17,3,123.87615345589043,home
user_00378,56,M,GodardBourg,2024-03-16,8,114.73775974576266,sports
user_00379,63,F,Imbertdan,2024-07-03,4,116.15132964295447,electronics
user_00380,29,M,Bigot,2023-12-18,3,94.72171084664681,beauty
user_00381,42,F,Leroux,2024-03-07,1,50.56925830552998,fashion
user_00382,26,F,Camus,2025-01-12,6,104.06338084943073,fashion
user_00383,64,M,Antoine,2025-07-23,7,51.47745479459812,fashion
user_00384,38,M,Perret-les-Bains,2025-03-29,5,108.41028434849338,electronics
user_00385,38,F,Saint Henri,2025-07-31,2,36.25606029691033,sports
user_00386,64,M,BourgeoisVille,2025-01-01,6,109.42508449997055,fashion
user_00387,62,M,Costa,2025-01-24,3,63.53449542225037,home
user_00388,65,F,Sainte Maryse-sur-Mer,2024-12-29,8,126.04389423126601,fashion
user_00389,38,M,Roussel,2024-07-12,2,74.31129116185647,electronics
user_00390,39,M,Pereira,2023-10-27,7,119.60690285979581,electronics
user_00391,43,M,Delaunay,2025-05-23,5,69.44176062909116,beauty
user_00392,44,F,Duval-la-Forêt,2024-09-30,2,69.00085799716388,electronics
user_00393,51,M,Saint Denise,2025-04-16,7,91.7709441343457,sports
user_00394,32,F,Delattre,2025-02-09,5,97.09901170735844,beauty
user_00395,34,F,GarciaVille,2025-02-02,6,97.82851844754347,sports
user_00396,57,M,Clément,2025-05-19,3,89.59305978802976,home
user_00397,48,F,Jean,2024-12-15,10,115.54471742946257,sports
user_00398,51,F,GuilbertBourg,2023-11-22,7,83.30234533300313,electronics
user_00399,54,F,Saint Anaïs,2025-05-29,7,121.5691236938099,home
user_00400,22,F,SauvageVille,2024-04-26,5,79.6534155884429,fashion
user_00401,66,M,Texier,2024-07-11,3,44.07256734346269,sports
user_00402,40,M,Masse,2024-11-25,5,59.78587192942207,electronics
user_00403,42,F,Schneiderboeuf,2025-02-10,3,78.25763138455046,beauty
user_00404,39,F,Launay,2023-12-03,5,87.50443376559552,fashion
user_00405,52,M,Gautier-la-Forêt,2024-06-04,1,69.40074734777434,sports
user_00406,60,M,Guillot,2024-11-23,4,113.54649311722127,sports
user_00407,29,M,Thierry,2025-05-26,3,54.365126273190995,beauty
user_00408,43,M,Lambert,2024-02-14,4,10.0,home
user_00409,32,M,Rousseau,2024-01-15,5,73.75533830134582,sports
user_00410,42,M,Kleindan,2025-05-29,3,82.10128989955331,fashion
user_00411,30,M,Saint André,2025-03-31,4,72.52099216157924,home
user_00412,36,F,Légernec,2024-12-31,4,88.85661770170196,home
user_00413,54,M,Besnard-sur-Mer,2023-12-22,2,73.78655184426914,electronics
user_00414,59,F,Blot,2024-03-20,3,152.97138071487078,beauty
user_00415,49,F,Duhamel-les-Bains,2024-10-05,5,88.4909035409788,beauty
user_00416,48,F,Sainte Maryse,2025-09-03,3,56.43050857783609,fashion
user_00417,24,M,Robert,2024-08-18,5,64.69014584624406,sports
user_00418,20,F,Morvan,2024-08-18,7,53.49577781193563,beauty
user_00419,58,F,Colin-sur-Hernandez,2025-04-14,3,107.72485448012456,fashion
user_00420,60,M,Gilbert,2023-12-11,4,87.36783457216663,electronics
user_00421,51,F,Mathieunec,2024-10-17,10,75.89084389036427,beauty
user_00422,27,F,Julien-la-Forêt,2024-12-11,8,111.20979030682881,sports
user_00423,35,F,Louis,2025-06-07,4,70.08208100091464,home
user_00424,31,M,Rousseau,2024-09-23,4,91.06867169158866,electronics
user_00425,58,M,Pierre,2025-07-03,7,77.76391750599564,home
user_00426,34,F,Sainte Alexandrie,2023-12-26,6,71.68793455418529,fashion
user_00427,62,F,Fischer,2024-08-07,3,120.84766404594988,home
user_00428,56,F,Maréchal-sur-Mer,2024-04-20,8,121.17868053713627,beauty
user_00429,65,M,David,2024-04-09,8,119.25559734432915,beauty
user_00430,60,M,Hervé,2024-01-24,2,116.35753044619233,home
user_00431,25,M,Benoitdan,2024-06-20,5,95.49308561818175,home
user_00432,65,M,Auger,2024-09-11,5,144.12592812153397,sports
user_00433,55,F,Bonnin-sur-Ribeiro,2025-04-11,5,84.41593902768709,beauty
user_00434,21,M,Schneider,2024-04-02,4,73.7745917202945,electronics
user_00435,69,F,Carre,2025-09-16,6,80.33302916434494,sports
user_00436,60,F,Saint Georges-la-Forêt,2025-05-22,3,98.74504344366096,electronics
user_00437,20,M,MartyVille,2025-02-27,4,55.6083632584958,fashion
user_00438,64,F,Royerdan,2024-02-18,5,69.40200296522379,electronics
user_00439,24,F,Sainte Léon,2025-08-24,3,70.23789787154062,sports
user_00440,51,M,Sainte Nathalie-les-Bains,2024-08-08,3,61.92069926524196,beauty
user_00441,41,F,AlvesBourg,2025-02-10,5,77.16012821645596,home
user_00442,64,F,Raynaudboeuf,2024-06-28,6,115.83646282062254,sports
user_00443,47,M,Dufour,2023-10-09,5,65.42472578737829,sports
user_00444,25,F,Blanchet,2025-02-23,3,100.85553653184778,electronics
user_00445,38,M,Garnier,2023-11-18,4,123.4417764694851,sports
user_00446,35,F,Roux-sur-Menard,2023-12-30,4,97.77530975889488,fashion
user_00447,21,M,Bonneau,2024-12-31,10,97.54617267663916,electronics
user_00448,26,M,Boulay-sur-Da Silva,2024-02-08,8,97.93362892292228,beauty
user_00449,32,F,Lebreton-la-Forêt,2025-02-16,7,65.9412518594173,home
user_00450,62,F,Lelièvre,2024-10-22,4,10.0,fashion
user_00451,60,F,Bourgeois,2025-07-01,8,125.54508710368363,beauty
user_00452,60,M,Joubert-sur-Salmon,2023-11-30,4,80.23192794013657,electronics
user_00453,57,F,Mathieu,2025-10-03,3,72.44586908448412,fashion
user_00454,25,F,Gautier-sur-Bigot,2024-08-04,4,47.15743024745798,fashion
user_00455,62,M,Perrier,2024-05-23,3,100.22023065678624,home
user_00456,36,F,Payetnec,2024-07-09,5,67.07729904570316,sports
user_00457,45,F,Vaillant-sur-Mer,2025-05-02,3,117.33705218359975,beauty
user_00458,43,F,Joly-sur-Mer,2023-10-14,5,123.45976759282914,beauty
user_00459,63,M,Clément-sur-Mer,2025-10-05,5,103.99284804116131,home
user_00460,40,F,Bodin,2024-10-17,5,147.87530505427478,fashion
user_00461,41,F,Mary-sur-Normand,2025-05-08,3,132.8332717524759,home
user_00462,26,F,Pelletier-les-Bains,2024-11-26,3,29.201954145201817,beauty
user_00463,45,F,Dubois,2023-12-08,2,66.83963789868156,home
user_00464,55,M,Aubert-sur-Richard,2025-02-09,2,64.85313698247212,home
user_00465,35,F,Lecomte-la-Forêt,2023-12-21,4,88.38844097326101,electronics
user_00466,60,F,Fernandesboeuf,2023-11-16,6,73.49616862727041,fashion
user_00467,51,M,Pires,2025-08-23,4,72.89896979960531,fashion
user_00468,27,F,Cordier,2025-06-19,4,125.1076131269414,electronics
user_00469,43,F,Rémy,2023-11-04,1,120.47697181182613,sports
user_00470,22,M,Chrétien,2024-10-25,8,95.08434889078687,beauty
user_00471,28,M,MaréchalVille,2023-10-12,6,78.17571220139777,fashion
user_00472,40,F,Laine-sur-Leleu,2025-02-09,5,71.6531696035346,electronics
user_00473,62,F,Vaillant,2024-05-14,5,57.899171273569294,sports
user_00474,22,M,Saint Dorothéeboeuf,2024-08-25,5,97.64638250609684,electronics
user_00475,36,F,Danielboeuf,2025-05-19,3,93.00455188886205,home
user_00476,25,M,Lévy,2025-07-26,8,72.11604569496525,electronics
user_00477,63,F,Saint Lorraineboeuf,2024-11-26,5,111.49138383103087,fashion
user_00478,65,M,Gilbert,2024-11-07,9,101.60090706317868,beauty
user_00479,57,F,Sainte Valérie,2024-04-06,3,73.97768239615553,home
user_00480,28,F,Mallet,2025-07-27,9,140.55645675801617,beauty
user_00481,48,M,FournierBourg,2024-07-12,4,76.56797086175902,home
user_00482,32,F,Sainte Richard,2025-04-04,6,90.66539071392742,beauty
user_00483,51,M,Saint Alphonse,2025-10-03,2,34.7744290355829,electronics
user_00484,55,M,Texier,2025-02-27,7,59.72507525899897,fashion
user_00485,19,F,Saint HenriVille,2025-04-16,5,97.09573632281565,home
user_00486,58,F,Courtois-la-Forêt,2024-08-10,5,101.54183648774192,home
user_00487,63,F,FernandesBourg,2025-09-12,5,106.08077154456295,home
user_00488,49,F,Devaux,2025-03-20,4,59.76006514573071,electronics
user_00489,30,M,ChauvinVille,2025-09-23,7,113.01220877612013,fashion
user_00490,21,F,De Oliveira,2024-02-23,7,55.7390191816525,home
user_00491,64,M,Fouquet-sur-Legendre,2023-10-25,4,124.10523795804278,electronics
user_00492,66,M,Becker,2024-10-09,3,66.46967533715208,beauty
user_00493,39,F,Saint Monique,2025-06-26,12,47.58413187119709,electronics
user_00494,61,M,PasquierBourg,2023-10-18,3,82.22975911024443,beauty
user_00495,33,M,MasseBourg,2024-06-04,2,46.27633401548222,electronics
user_00496,53,F,Saint Charles,2025-07-10,6,112.98230825036737,home
user_00497,19,M,Pineau-les-Bains,2025-09-22,6,18.001635419327073,home
user_00498,35,M,Sainte Adrienne,2024-04-17,6,86.01176175286382,fashion
user_00499,50,F,Saint Zoéboeuf,2024-07-28,9,141.492467592092,fashion
user_00500,60,M,FouquetBourg,2025-08-04,4,122.12961272535995,sports
user_00501,34,M,Roux,2025-09-30,9,96.39302908122689,fashion
user_00502,19,M,Sainte Charlotte,2025-01-14,4,118.3861042230549,electronics
user_00503,54,M,Hamonnec,2025-04-23,3,92.15442434091793,electronics
user_00504,34,M,TorresVille,2024-11-18,5,141.2671438010302,fashion
user_00505,28,M,Sainte EugèneVille,2023-11-27,4,133.5720544332424,sports
user_00506,54,F,Martel,2024-03-18,3,165.33931828509634,home
user_00507,61,M,Benard-sur-Mer,2024-09-16,6,86.94083317289113,sports
user_00508,66,M,Merle-sur-Maury,2025-09-16,9,126.80363582573294,beauty
user_00509,18,M,Ferreira,2025-01-20,6,106.31647306893356,electronics
user_00510,31,F,Roche,2024-04-19,4,82.37694013668457,electronics
user_00511,29,F,Le Goffnec,2023-10-26,6,101.44958882663497,fashion
user_00512,26,M,Lesage-sur-Mer,2024-09-27,6,108.50458964776308,home
user_00513,51,F,Albert,2025-07-23,3,98.27872567700035,sports
user_00514,47,M,Payet,2024-08-10,5,126.24396743689496,home
user_00515,22,F,Turpin,2025-08-06,4,52.096424876519585,beauty
user_00516,28,F,Masseboeuf,2024-08-21,6,124.42885031553254,electronics
user_00517,34,F,Sainte Victor-la-Forêt,2024-09-24,3,88.95008303906162,fashion
user_00518,59,F,Laporte,2025-04-07,4,68.58149050401373,home
user_00519,29,F,Henry,2025-06-21,5,54.747402072064304,beauty
user_00520,59,M,Masse-sur-Langlois,2024-10-10,7,120.49681521138538,beauty
user_00521,61,M,Marin,2024-06-25,2,59.23561816237933,home
user_00522,67,M,Didier,2025-10-01,4,39.119550384599236,fashion
user_00523,45,M,Robin,2025-07-19,5,10.0,fashion
user_00524,42,M,RoyerVille,2025-01-12,1,82.62797974406331,beauty
user_00525,19,M,Saint André-la-Forêt,2025-09-19,3,67.62627671092761,fashion
user_00526,63,M,ReynaudVille,2024-12-30,8,120.9892609835184,fashion
user_00527,54,M,Morin,2025-03-03,3,86.77882681216289,fashion
user_00528,25,M,Maréchal-les-Bains,2024-09-26,2,53.09062369810168,home
user_00529,29,F,Brun-sur-Fabre,2024-02-08,4,64.16551372413346,fashion
user_00530,43,F,Paul,2024-05-05,8,55.249100096790684,sports
user_00531,49,M,Vallet-la-Forêt,2023-12-16,4,66.01359175345624,beauty
user_00532,54,F,ChevallierVille,2024-04-01,6,67.39650911471544,sports
user_00533,29,M,Buisson-la-Forêt,2025-02-24,2,114.83008239633786,beauty
user_00534,69,M,Sainte Sylvie-la-Forêt,2024-10-29,8,122.04255742134384,beauty
user_00535,68,M,Simon,2023-12-16,4,54.04134273716696,sports
user_00536,21,F,Dias-les-Bains,2024-08-06,2,104.54035037059145,electronics
user_00537,35,F,Daniel,2024-10-07,5,45.42808415545098,fashion
user_00538,32,M,Roy,2024-12-27,5,138.88971779454056,fashion
user_00539,66,M,Rousseau,2024-10-28,4,108.90946548140857,electronics
user_00540,41,M,Schmittdan,2024-12-21,8,71.50974780561327,sports
user_00541,47,F,Aubertboeuf,2024-11-22,4,136.9569840208901,beauty
user_00542,21,F,Camus,2023-10-18,3,85.38485930631056,electronics
user_00543,67,F,Guyot-sur-Texier,2023-11-09,6,99.39481106100499,electronics
user_00544,61,M,Collet-les-Bains,2025-06-13,2,25.595486228350374,beauty
user_00545,27,M,Fabre,2024-10-06,7,69.94813285213365,electronics
user_00546,22,M,Saint Danielle,2025-05-30,5,92.55776089927248,beauty
user_00547,60,F,Bouvet,2025-04-12,9,58.21691422428492,electronics
user_00548,45,M,FernandezBourg,2024-11-29,9,68.25374401504541,sports
user_00549,69,M,Navarro-sur-Mer,2025-05-10,7,79.53776589724221,home
user_00550,36,F,Langlois-la-Forêt,2023-10-14,4,142.85120697426757,home
user_00551,34,M,Roux,2024-09-08,5,95.48656304875183,electronics
user_00552,22,M,Techer-sur-Legrand,2024-02-11,3,69.0433192749473,home
user_00553,29,M,Moulin,2023-11-07,4,77.02720543861325,electronics
user_00554,32,M,Lamy,2025-02-18,5,60.481487499007685,home
user_00555,49,F,Sainte Denis,2025-06-30,8,108.2735697037966,fashion
user_00556,24,M,Poirier,2025-07-24,4,118.1505531655483,sports
user_00557,47,F,Saint Michelboeuf,2025-08-13,7,150.57339436813504,sports
user_00558,32,M,Guibert,2024-12-26,4,45.37224081810097,sports
user_00559,34,M,Lagarde,2025-04-03,5,21.28950948025512,beauty
user_00560,68,M,Evrard-sur-Durand,2024-06-19,4,121.19824464591746,fashion
user_00561,21,M,Peltierdan,2024-12-15,4,39.184964302310576,beauty
user_00562,36,M,Saint Bernadette,2025-06-24,7,59.30048105767614,beauty
user_00563,44,F,Sainte Margaud,2025-07-08,5,80.73665616509368,sports
user_00564,60,F,Sainte Sophie,2024-03-28,7,89.82653148975307,beauty
user_00565,27,M,Charrier-sur-Delaunay,2024-11-10,7,57.32221999517415,fashion
user_00566,69,F,Saint Laure-les-Bains,2024-04-05,2,56.7880325054694,sports
user_00567,51,M,LebretonBourg,2025-06-18,5,68.17717279060419,fashion
user_00568,39,F,Tanguy-sur-Leconte,2024-06-08,3,109.23869647478324,beauty
user_00569,56,F,Perretboeuf,2023-11-12,4,66.47631091849813,home
user_00570,65,F,Hamon,2025-02-23,3,146.89741013055723,home
user_00571,22,F,Duprénec,2025-02-05,4,93.9716522446313,home
user_00572,43,M,GomesBourg,2024-03-16,5,66.29947959129214,electronics
user_00573,46,F,Sainte Auguste,2024-11-06,7,95.15152080433425,electronics
user_00574,38,M,Pons-les-Bains,2024-03-31,2,107.5697467908231,home
user_00575,52,F,Hernandeznec,2025-07-30,4,95.76669279840557,fashion
user_00576,61,F,Richard,2025-06-25,11,102.20418960835619,fashion
user_00577,55,M,Bertin-la-Forêt,2025-01-11,3,106.84707487265345,beauty
user_00578,20,F,Samson-sur-Mer,2023-11-12,6,120.20326829897334,home
user_00579,25,M,Raynaud,2023-11-17,5,76.82365835914572,sports
user_00580,25,F,Besson-sur-Mer,2025-01-22,4,46.788477978236514,sports
user_00581,62,M,Sainte André,2024-11-30,3,95.05063887406307,sports
user_00582,65,F,GrondinVille,2024-08-24,5,107.41218531539657,sports
user_00583,25,F,Sainte SuzanneBourg,2025-07-21,3,126.95773013878318,fashion
user_00584,42,F,Duhamel-les-Bains,2025-05-25,4,35.89675754178961,beauty
user_00585,19,M,Sainte Michelle,2023-12-29,6,113.26008750809694,home
user_00586,18,M,Lacroixnec,2025-09-01,6,74.7601564070942,fashion
user_00587,52,F,Sainte Thierry,2024-05-05,5,84.65346105320056,fashion
user_00588,28,F,Lefort,2024-09-02,4,35.040727639670884,electronics
user_00589,43,M,Bodin,2025-04-10,6,76.25436067247512,beauty
user_00590,18,M,Saint Jeanne-les-Bains,2025-09-04,4,55.57424690727126,home
user_00591,39,M,Thomas,2024-02-02,5,85.99343834175198,electronics
user_00592,35,F,Dumont-sur-Lesage,2025-08-20,4,114.17852928123227,home
user_00593,26,M,Delattre,2023-10-22,2,81.68393208976954,home
user_00594,50,F,Barthelemy-sur-Leroux,2025-10-01,6,53.79418840552306,sports
user_00595,52,F,ValentinVille,2024-05-10,5,143.35585222830798,sports
user_00596,53,F,Lerouxnec,2024-12-13,1,71.55898421698868,fashion
user_00597,46,F,Schmitt-les-Bains,2024-12-29,7,54.859087010371795,beauty
user_00598,59,F,Blanc-sur-Mer,2025-06-30,8,73.16581919715935,beauty
user_00599,26,M,Le GoffVille,2023-12-29,5,94.58777949385014,electronics
user_00600,43,M,Maillot,2024-06-12,5,122.88227449442918,fashion
user_00601,49,F,Bazin,2025-03-13,7,111.3036866366186,home
user_00602,30,M,DenisVille,2023-11-08,9,75.95193599070862,sports
user_00603,39,M,Berger,2025-02-14,6,87.43427556866233,electronics
user_00604,36,M,Benardnec,2024-08-26,2,86.67591819533492,home
user_00605,67,M,Sainte Roland,2025-05-20,7,75.71050858035817,beauty
user_00606,59,F,Lopes,2024-06-10,7,41.059093789181674,electronics
user_00607,43,M,Aubry-sur-Leclerc,2025-01-07,4,124.44443934532843,fashion
user_00608,44,F,Lévy,2024-10-05,3,80.79406060871257,fashion
user_00609,56,F,Saint Luce,2024-09-29,6,122.91283485705344,home
user_00610,26,M,Saint Lorraine,2023-10-15,5,104.56918454830691,home
user_00611,35,F,Marchand,2024-01-30,6,36.0599466874878,fashion
user_00612,29,M,Faure,2024-08-05,6,61.115895904405136,sports
user_00613,48,M,Laporte-les-Bains,2024-05-31,3,56.498095076016185,fashion
user_00614,41,M,Lerouxnec,2024-04-07,5,88.789425984496,fashion
user_00615,35,M,Toussaint-les-Bains,2024-01-03,9,70.92607437368773,sports
user_00616,20,F,Bouvier,2025-09-12,6,88.79238488300852,electronics
user_00617,56,F,Petitboeuf,2024-04-23,2,49.67166976564681,electronics
user_00618,19,F,BernierBourg,2025-05-02,1,34.588708242390254,sports
user_00619,62,F,Lesage-la-Forêt,2024-07-18,6,116.63607290078248,home
user_00620,50,F,Pires,2025-03-23,4,99.23900362042521,beauty
user_00621,64,M,Saint Zacharie,2025-01-05,8,129.01488008953788,beauty
user_00622,62,M,Becker,2024-01-03,5,85.92414092471309,sports
user_00623,49,F,Pierreboeuf,2025-09-23,5,81.14953972789367,sports
user_00624,43,M,Rodrigues-sur-Mer,2024-09-06,4,61.919168538159056,beauty
user_00625,34,M,Breton,2024-09-23,7,89.45758687249182,electronics
user_00626,56,F,Saint Michelle-la-Forêt,2024-08-17,10,67.38934544946372,electronics
user_00627,33,F,Fournier,2025-04-22,3,99.88277014230619,beauty
user_00628,67,M,Pelletierdan,2024-10-15,4,91.73066673229388,home
user_00629,37,F,RivièreVille,2024-03-24,4,67.62780697241791,fashion
user_00630,31,F,Sainte Bernadette,2025-01-29,4,89.3138125285803,sports
user_00631,65,M,Langloisnec,2024-01-31,3,32.787466262890234,fashion
user_00632,54,F,Saint Roland,2025-06-09,4,86.51609028378735,home
user_00633,29,F,Sainte Hortense-la-Forêt,2024-09-30,5,129.6940789471406,sports
user_00634,21,F,Boyer,2025-08-15,6,74.55452287112139,fashion
user_00635,52,F,Sainte Franck,2025-02-04,5,91.62054835389524,electronics
user_00636,38,F,Maury-sur-Caron,2025-05-13,4,101.469157511844,sports
user_00637,31,M,Sainte Olivier,2024-09-10,5,94.74065744905253,electronics
user_00638,60,M,Rivière-sur-Gilles,2025-04-23,3,121.52900769198163,beauty
user_00639,34,F,Marty,2024-11-25,3,57.43140342523534,home
user_00640,41,M,Michel,2024-05-10,6,103.97362649926902,electronics
user_00641,60,M,Sainte Constance,2023-12-15,6,70.77465474688105,fashion
user_00642,31,M,Saint Caroline,2024-06-29,2,34.344844357945,beauty
user_00643,50,F,Delorme,2025-03-09,3,51.39857732590384,fashion
user_00644,24,F,Maillet-sur-Mer,2025-06-28,3,69.45242083416393,sports
user_00645,22,F,Blot,2024-01-26,8,124.75828271311113,fashion
user_00646,36,F,Charles,2025-06-30,5,46.28315734161344,home
user_00647,57,M,Hoarau,2023-11-22,6,80.70223253907422,home
user_00648,54,F,Leducboeuf,2025-06-09,6,151.16588704796243,beauty
user_00649,50,F,Cohen,2024-06-16,6,120.98010342784752,beauty
user_00650,34,M,Tessier-sur-Pons,2024-11-05,6,75.20227517647518,fashion
user_00651,63,M,Samson,2024-05-12,3,109.93359993981713,beauty
user_00652,44,M,Saint Genevièveboeuf,2024-08-24,7,93.19447951012619,fashion
user_00653,38,M,BlanchardBourg,2024-08-06,4,44.58371559794423,fashion
user_00654,26,F,Saint Jules-la-Forêt,2025-03-09,3,94.37952973621968,beauty
user_00655,43,M,Diaz-sur-Gros,2025-03-04,5,138.47362649671942,sports
user_00656,48,F,Regnier-sur-Fontaine,2025-01-23,8,97.4576748510324,fashion
user_00657,57,F,Baillyboeuf,2023-12-19,7,69.14111525199468,sports
user_00658,44,F,Poirier,2024-02-28,4,133.33887300730788,electronics
user_00659,30,F,Thierry,2024-04-25,3,113.97829256416719,beauty
user_00660,45,F,Saint Juliennec,2025-04-22,10,79.7013473811879,home
user_00661,65,M,Meunier,2025-02-12,8,51.610680665855085,beauty
user_00662,46,F,Fournier-sur-Jacquet,2024-11-19,3,74.94267754395919,sports
user_00663,49,F,Saint Édith-la-Forêt,2024-12-15,5,44.76805860095294,electronics
user_00664,22,F,Becker,2024-12-28,10,87.53400359169842,home
user_00665,37,M,Étienne,2024-08-18,5,52.922365187347594,fashion
user_00666,67,F,Laine-sur-Delaunay,2024-03-17,5,81.54670918230282,sports
user_00667,61,F,Barthelemy,2025-07-06,8,74.62242012858488,home
user_00668,55,F,Lévy,2025-06-05,9,83.27338238782285,home
user_00669,56,M,Letellier,2024-08-03,3,32.3952592774186,electronics
user_00670,53,M,Diaz-la-Forêt,2024-08-04,8,46.69432670676757,sports
user_00671,30,F,Dias-la-Forêt,2025-02-03,6,113.45525629790592,beauty
user_00672,48,F,Robert-la-Forêt,2024-11-22,4,72.2530273239158,beauty
user_00673,54,F,Bailly,2024-12-06,3,116.74067164347437,home
user_00674,23,F,Perrin,2024-07-22,5,97.22375319841328,electronics
user_00675,18,F,Grégoire,2024-03-19,4,85.48515396837237,sports
user_00676,20,F,Regnier-sur-Bousquet,2024-11-14,5,55.238693176685985,beauty
user_00677,21,M,Verdier,2024-03-23,5,68.38914540593582,sports
user_00678,34,M,Charrier-sur-Mer,2024-03-24,8,57.46071686167792,home
user_00679,30,M,Bouvier,2024-04-01,6,136.93508895301898,sports
user_00680,45,F,Renard,2025-07-26,7,66.00144443961567,home
user_00681,62,M,Sainte Louisboeuf,2025-05-06,6,102.58237103021091,beauty
user_00682,23,F,Gillesdan,2025-03-31,8,94.23497117541655,fashion
user_00683,41,M,Charpentier,2024-06-23,5,147.0467812451747,home
user_00684,28,M,Sainte Renédan,2025-09-30,7,70.99723564145678,fashion
user_00685,24,M,Vasseur,2024-11-10,4,40.51046704052746,sports
user_00686,40,M,Sainte Alain,2023-11-13,4,111.24232249094412,home
user_00687,41,F,Schmitt,2023-12-26,5,95.28890597333455,electronics
user_00688,66,F,BourdonVille,2025-01-24,2,36.912773146048096,beauty
user_00689,60,M,Lacombe-la-Forêt,2025-02-09,7,61.47509185215056,beauty
user_00690,59,M,CaronBourg,2024-07-22,8,107.93434660917372,sports
user_00691,59,F,Leclerc,2024-12-31,3,55.58591395234307,beauty
user_00692,33,F,Perez-les-Bains,2025-05-25,4,65.29931963117761,electronics
user_00693,19,F,Sainte PierreBourg,2024-12-28,4,77.19072876185687,sports
user_00694,30,F,Lecoq,2025-03-24,0,117.52594732130629,beauty
user_00695,27,F,Chevallier,2023-12-04,4,91.30909120665986,electronics
user_00696,40,M,Saint Françoisedan,2025-03-05,0,121.76411635943408,fashion
user_00697,26,M,Saint François-sur-Mer,2025-04-09,3,79.49770038123872,electronics
user_00698,46,F,Sainte Jacquelineboeuf,2025-02-25,6,122.48592170955183,fashion
user_00699,54,M,Perrot-sur-Rocher,2025-05-30,4,97.63519679745842,sports
user_00700,37,F,PereiraVille,2024-03-10,8,66.14542881067733,electronics
user_00701,51,M,Reyboeuf,2024-11-05,3,76.22108139009384,electronics
user_00702,64,F,Bouvier,2024-07-09,4,116.54477488776067,fashion
user_00703,54,M,Salmon,2025-02-17,9,102.0809775578132,fashion
user_00704,33,F,Turpin-sur-Besson,2024-08-07,6,125.53047257461,beauty
user_00705,60,F,Rouxboeuf,2025-02-12,3,39.624131041033735,electronics
user_00706,63,M,Sainte Georges-la-Forêt,2024-08-02,4,117.76308883058002,electronics
user_00707,57,F,LegrosBourg,2025-03-12,5,40.70609075134595,beauty
user_00708,42,M,Labbé-les-Bains,2024-04-03,5,78.84147941511246,fashion
user_00709,55,M,Le Goff,2025-02-22,5,118.55649832765978,fashion
user_00710,64,F,MunozVille,2025-08-12,3,112.7792530214385,fashion
user_00711,37,M,BlotBourg,2024-12-21,3,82.26772418940918,fashion
user_00712,47,F,Royer,2024-11-13,8,47.93875278619342,sports
user_00713,25,F,Traore-sur-Mer,2024-04-17,4,130.69680121536518,sports
user_00714,37,F,Sainte Adrienne,2025-03-28,8,82.64454097494982,beauty
user_00715,45,F,Techer-les-Bains,2024-05-14,5,65.63258372479316,electronics
user_00716,34,F,Perret,2025-08-02,6,114.9837356528614,home
user_00717,66,F,Sainte Lorraine,2024-01-21,6,82.5351734243005,electronics
user_00718,62,F,Sainte Jeannine,2024-12-18,3,121.2398211958116,home
user_00719,46,F,Nguyen-sur-Mer,2024-04-02,3,17.629886851825134,sports
user_00720,50,F,Loiseau,2025-06-03,6,78.18681976657221,sports
user_00721,35,M,Guibert,2024-09-07,6,80.74727337917385,home
user_00722,46,M,Pasquier,2024-12-21,4,95.92839282344971,home
user_00723,38,M,François,2024-03-12,5,50.857127867740054,home
user_00724,26,F,Rivièreboeuf,2025-03-25,4,107.74534925053793,beauty
user_00725,61,F,Lamy-la-Forêt,2025-07-31,7,44.80026791275345,fashion
user_00726,42,F,Pierre,2024-02-10,6,76.6278299397157,electronics
user_00727,19,M,Saint Pénélope,2024-11-25,8,32.81118883946435,fashion
user_00728,19,M,Sainte Renée,2025-01-20,4,44.554688637175296,electronics
user_00729,66,F,Saint Margaret,2025-08-03,1,85.47046709414873,sports
user_00730,32,M,Tessier,2025-08-06,2,30.720190214159743,fashion
user_00731,58,F,François,2024-01-17,4,91.04200279804516,beauty
user_00732,46,M,GuyotVille,2024-02-12,2,41.69328897448824,fashion
user_00733,58,M,PereiraVille,2024-11-03,9,105.6062566960868,fashion
user_00734,45,M,Costanec,2025-07-10,6,46.17198035276181,fashion
user_00735,24,F,Aubrydan,2024-02-03,3,82.47606278425893,home
user_00736,62,F,Morel,2025-05-22,5,89.54209143855198,beauty
user_00737,38,F,Aubertdan,2024-01-31,7,93.9535544194432,sports
user_00738,26,F,Saint Odette,2023-10-10,5,81.0722258462162,sports
user_00739,41,F,Philippe-sur-Delaunay,2024-05-22,6,118.84719349806512,fashion
user_00740,61,M,ChauveauBourg,2024-08-27,4,10.0,fashion
user_00741,42,F,Sainte Daniel,2024-10-05,6,25.737771492681745,electronics
user_00742,54,F,Gilbert,2025-03-30,5,68.07411460418541,sports
user_00743,56,M,Saint Catherine-les-Bains,2024-10-10,3,40.17886620130748,sports
user_00744,44,F,Sainte Laurentdan,2025-03-25,6,81.85096877309128,electronics
user_00745,46,F,Vaillant-sur-Voisin,2024-09-19,5,103.3837222474987,electronics
user_00746,32,F,Lenoir,2025-01-19,4,84.07835354185772,fashion
user_00747,18,F,CharlesBourg,2024-08-01,6,64.42864668533016,fashion
user_00748,65,F,Grondin,2024-07-30,6,82.87560070148442,fashion
user_00749,22,M,Bodin-les-Bains,2024-04-29,2,66.57346474171078,fashion
user_00750,67,F,Sainte Mathilde,2024-05-14,5,87.24078599779781,electronics
user_00751,47,F,Bonnin-les-Bains,2025-06-05,6,116.04998326380641,electronics
user_00752,49,F,Bouvet-sur-Goncalves,2024-04-24,9,111.09614852863695,fashion
user_00753,21,M,Huet-les-Bains,2024-02-20,4,55.314765254335356,beauty
user_00754,33,F,FischerVille,2024-06-07,6,67.75610747186549,fashion
user_00755,48,M,Sainte Robert,2023-11-24,6,66.50099320433638,sports
user_00756,44,M,GérardVille,2024-12-04,6,93.77754644294889,beauty
user_00757,60,F,Laurent,2024-11-03,2,57.31855940776998,beauty
user_00758,43,M,Allard-sur-Alves,2025-03-22,5,50.81088642672965,fashion
user_00759,34,F,Jourdan-sur-Pierre,2023-11-22,4,133.141959824166,fashion
user_00760,61,M,Saint Adrien-la-Forêt,2025-02-28,3,45.51897220219427,electronics
user_00761,36,M,Descamps,2025-03-03,5,63.24170175670151,home
user_00762,50,M,Gallet,2025-01-17,3,133.96127499886896,home
user_00763,34,F,RocheVille,2025-09-24,4,97.29392539219845,beauty
user_00764,60,M,Maillet,2025-09-14,6,83.21897646305787,fashion
user_00765,60,M,Lopez,2025-07-01,3,124.27409925889833,beauty
user_00766,21,M,BazinBourg,2024-12-11,4,122.30217391561486,fashion
user_00767,18,M,Sainte Victoire,2025-05-26,2,121.84090628824404,home
user_00768,20,M,Brun,2024-11-21,3,44.20092429642476,home
user_00769,40,F,Aubert,2024-05-28,4,121.83399963555055,home
user_00770,55,F,Prévost-la-Forêt,2025-01-17,6,106.39517095745836,sports
user_00771,33,F,Saint Auguste-les-Bains,2024-06-16,7,78.13794921223744,electronics
user_00772,30,F,Moulin,2024-04-16,2,73.2231492001052,beauty
user_00773,49,M,Briand,2024-08-04,9,91.33842173324656,beauty
user_00774,24,F,BouvierBourg,2024-10-25,8,100.31946973195402,electronics
user_00775,50,M,Maillard,2025-01-09,7,75.16380110599128,electronics
user_00776,20,M,Techer-sur-Mer,2023-11-17,9,118.14810931004061,home
user_00777,50,F,Lelièvre,2024-03-22,5,73.56967491716286,fashion
user_00778,36,F,Didier,2025-02-07,3,106.09195440223304,home
user_00779,40,F,Michaud,2024-11-27,5,69.16944416749122,beauty
user_00780,21,F,MendèsBourg,2024-01-20,8,105.57573455825258,electronics
user_00781,27,M,Briand,2024-02-09,7,20.388082786256163,electronics
user_00782,26,F,Renaud,2023-12-07,7,88.3312045291272,home
user_00783,42,F,Bessonboeuf,2024-07-31,7,89.15216302462183,electronics
user_00784,24,F,Peltier,2024-03-16,4,70.80481233593997,beauty
user_00785,44,M,Ruiz,2025-03-19,8,89.37614695455026,home
user_00786,53,M,Saint Arthur,2023-12-18,6,113.35219803607274,beauty
user_00787,33,M,Tessier-sur-Laine,2025-02-23,4,89.10248829812896,electronics
user_00788,26,F,Perrin,2024-10-12,4,69.38209252609322,beauty
user_00789,30,F,VerdierVille,2025-07-09,6,100.50665456186738,home
user_00790,33,F,Berthelot,2024-03-03,9,54.354485924083654,home
user_00791,20,F,Techer,2024-05-28,5,57.6003026763314,electronics
user_00792,46,M,Maillot-sur-Allain,2025-02-11,8,44.9029449905524,sports
user_00793,56,M,Rossi-sur-Mer,2024-03-31,4,125.0997207327695,sports
user_00794,63,M,Sainte Nicole,2023-12-03,4,86.01169308764125,home
user_00795,18,M,Picard,2025-03-11,4,94.08649830157907,home
user_00796,60,F,MarinBourg,2025-02-21,6,102.02619982575115,sports
user_00797,54,M,Barre,2024-04-15,4,133.4074439379939,beauty
user_00798,19,F,Raymond-sur-Aubert,2025-01-01,8,76.15650870140088,beauty
user_00799,60,F,Saint Emmanuelledan,2024-10-10,4,86.08343135468918,beauty
user_00800,39,M,Marion,2024-11-03,2,117.69714877272492,home
user_00801,62,F,Duhamel,2025-10-02,3,67.8644807774744,home
user_00802,63,F,DidierVille,2025-09-09,3,141.76575282499203,sports
user_00803,58,M,Lecontenec,2024-10-31,4,58.48842577926811,beauty
user_00804,58,F,Charles,2025-01-17,6,139.05441835122284,fashion
user_00805,50,M,LopezVille,2025-01-16,4,45.17881829855297,fashion
user_00806,34,F,Sainte Adriennedan,2025-05-01,7,90.88836767606817,beauty
user_00807,64,M,Turpin-sur-Hamon,2023-10-20,6,77.96893897832629,fashion
user_00808,64,F,Lacroix-sur-Colin,2024-03-06,2,46.664550488106016,sports
user_00809,57,F,Lemaître-sur-Mer,2025-08-24,6,107.35834990229037,fashion
user_00810,61,M,Pelletier,2025-04-16,5,106.82354061318152,home
user_00811,34,F,Robert,2024-04-13,4,109.2172716332059,fashion
user_00812,28,M,Huet,2023-10-12,9,91.22418710917978,home
user_00813,45,F,Schmitt-la-Forêt,2025-05-26,7,72.27513989568652,electronics
user_00814,68,M,Sainte Pénélope,2025-09-20,6,113.96816046358329,electronics
user_00815,46,M,Berthelotnec,2024-03-03,5,132.75177556766653,home
user_00816,34,M,Roussel,2024-08-01,8,85.81766897081738,beauty
user_00817,23,F,Sainte ThéodoreBourg,2024-04-01,3,53.313278779959006,electronics
user_00818,66,F,Le Goff,2025-07-07,6,115.34055423763203,fashion
user_00819,48,F,Maceboeuf,2024-12-14,1,105.59806821609344,sports
user_00820,46,M,Guillou,2023-11-11,3,111.65673620864183,home
user_00821,43,M,Maréchal,2025-04-04,2,133.21140049380887,fashion
user_00822,60,F,Saint Philippe,2025-07-10,2,109.93158673716862,beauty
user_00823,46,F,Legrand,2024-03-15,5,66.22491534298793,beauty
user_00824,48,F,Laine,2024-11-12,3,58.8833693306154,sports
user_00825,40,F,CostaBourg,2025-04-22,3,64.60516870116328,fashion
user_00826,40,M,Legendre-sur-Mer,2024-01-30,3,79.44707051736344,beauty
user_00827,53,M,Chauvet,2025-08-20,10,121.36387612700459,fashion
user_00828,54,M,Sainte Laetitiadan,2025-07-29,6,97.41481969429957,fashion
user_00829,44,F,Lemaire,2025-08-30,4,100.71999173336052,beauty
user_00830,64,M,Dufour,2025-09-26,7,51.89771595670273,beauty
user_00831,42,M,DanielBourg,2025-03-20,5,70.20044948077674,fashion
user_00832,24,M,Rocher-sur-Nicolas,2024-06-26,7,126.70765982535968,fashion
user_00833,46,F,Pagesnec,2025-05-19,8,138.62039243289476,beauty
user_00834,33,M,Thomas,2024-02-19,6,107.18038114681264,sports
user_00835,31,M,Étienne,2024-07-08,7,66.78234847618639,home
user_00836,59,F,LemonnierVille,2025-08-06,4,29.993073580387296,beauty
user_00837,38,M,Lejeune,2024-05-15,2,92.81415247212642,beauty
user_00838,43,F,Gosselin,2025-09-19,3,128.89371860175171,beauty
user_00839,21,F,Gérardboeuf,2025-04-07,5,81.26878104598501,electronics
user_00840,22,M,Tessierboeuf,2025-03-18,6,102.17155696923709,sports
user_00841,23,M,Thomas,2025-05-07,6,59.18290631732314,home
user_00842,52,F,Faivreboeuf,2025-06-10,7,72.9398615098384,home
user_00843,36,M,Sainte Laurentdan,2024-10-17,5,106.63679631246212,sports
user_00844,23,M,Sainte Alfrednec,2025-08-24,4,103.51189134205609,home
user_00845,49,M,Grondinnec,2024-10-15,5,34.54358934932386,electronics
user_00846,51,F,Masson-les-Bains,2024-03-13,12,61.865759303283426,fashion
user_00847,52,F,Sanchez-la-Forêt,2025-05-09,3,48.30981493191191,beauty
user_00848,24,F,Picard,2025-01-30,6,114.91796702976617,fashion
user_00849,30,M,Gomez,2025-06-16,3,120.45670127676681,home
user_00850,69,F,Prévostdan,2024-09-19,5,78.14190713053101,beauty
user_00851,48,M,Huet,2024-06-03,3,79.08053976516281,sports
user_00852,37,F,Saint Margaud,2025-09-21,4,94.43201262181546,fashion
user_00853,36,M,Dos Santos,2025-07-06,3,109.37830911679833,home
user_00854,56,F,Gaudin,2024-10-04,8,122.60996761458935,fashion
user_00855,52,F,Marion-sur-Guérin,2024-12-04,2,87.33385443985095,fashion
user_00856,26,F,Gay-sur-Mer,2024-12-03,7,79.60129894590158,electronics
user_00857,44,M,Saint Simone,2024-02-13,1,104.56979607484695,electronics
user_00858,41,M,Roussetboeuf,2024-11-07,3,134.87665243342067,beauty
user_00859,31,M,Bousquet,2024-05-29,4,77.77118251432245,beauty
user_00860,43,F,Bourgeois,2025-03-18,6,149.2902116375473,home
user_00861,69,F,Jeanboeuf,2025-08-14,4,70.9070660698859,home
user_00862,42,F,Pierre,2025-08-04,2,128.73763072356343,sports
user_00863,55,F,Bonnet,2024-10-05,5,112.06322556229327,fashion
user_00864,52,M,Sainte Emmanuel-la-Forêt,2023-11-07,3,46.60845145094098,home
user_00865,40,F,Couturier-la-Forêt,2024-07-07,5,50.25219808447343,beauty
user_00866,23,F,Leduc,2025-06-01,3,44.7023471771148,beauty
user_00867,59,F,Roy-sur-Chauveau,2025-03-11,5,59.48232937488599,sports
user_00868,55,F,Vallet,2024-07-26,9,152.6047158929752,fashion
user_00869,64,M,Bodin,2024-11-17,3,71.09135874589266,electronics
user_00870,30,M,Evrard,2024-01-16,5,86.03145466773805,home
user_00871,62,F,Samson-sur-Leduc,2024-02-03,5,81.49708006655271,fashion
user_00872,24,F,Ferreira,2025-04-03,9,91.0606470951375,home
user_00873,47,M,Ribeiro,2024-08-13,4,133.00371059440656,sports
user_00874,37,M,Le Goffnec,2024-05-14,6,89.31293929325754,sports
user_00875,30,M,Roche,2024-11-30,2,82.45868701411439,fashion
user_00876,29,M,Lévy,2025-04-17,7,148.89391429249795,fashion
user_00877,46,F,Sainte Laurentboeuf,2023-11-29,8,116.81017258201815,sports
user_00878,65,M,Sainte JacquelineBourg,2023-11-08,4,103.26054225006703,fashion
user_00879,59,M,Baudry,2025-09-16,5,118.25312824642116,electronics
user_00880,60,F,Duhamel-sur-Mer,2025-02-04,6,116.02329971510802,home
user_00881,57,M,Sainte Benjamindan,2025-05-23,4,102.76110477459942,beauty
user_00882,62,M,Roche-sur-Mer,2025-07-23,3,44.31981064862503,beauty
user_00883,58,M,GaudinBourg,2025-10-06,9,57.46115883794113,sports
user_00884,19,M,Ledoux,2025-05-29,5,70.56645823388226,sports
user_00885,48,M,Alexandre,2023-12-10,6,58.696644655853675,sports
user_00886,41,F,Rodrigues,2024-03-28,8,79.99486265785718,home
user_00887,58,F,Baron,2023-12-06,4,49.32933822322047,home
user_00888,31,F,Albert,2024-12-20,2,85.31908805046044,home
user_00889,35,M,Marchal,2024-07-16,6,44.91991322695216,electronics
user_00890,55,M,Bonnet,2024-03-18,8,92.87584036969974,fashion
user_00891,54,F,Saint Christiane,2024-03-07,6,33.86899875111203,electronics
user_00892,21,F,Fernandez-sur-Guichard,2024-09-15,4,84.92893251601576,fashion
user_00893,20,F,Laine,2025-07-06,4,68.69179311720842,sports
user_00894,19,M,Saint Maurice,2024-07-21,4,133.0969358986768,home
user_00895,21,F,Marchal,2024-03-07,3,57.844452785526826,electronics
user_00896,29,M,Riou,2023-10-30,1,67.07526952889538,sports
user_00897,29,F,Jacob,2025-09-03,6,79.92020194498119,home
user_00898,57,F,Sainte Christophe,2023-12-10,6,98.25403383238219,sports
user_00899,34,F,Moulin,2025-07-21,9,77.01119891809245,fashion
user_00900,25,M,Sainte Raymond-sur-Mer,2025-06-22,4,135.7550451257375,fashion
user_00901,68,M,Costa-la-Forêt,2023-11-12,9,131.35713138291058,home
user_00902,53,M,Bousquetdan,2024-10-20,5,101.10397572109068,beauty
user_00903,18,M,Laroche,2025-03-08,5,40.264457765039126,beauty
user_00904,33,F,Guilbert,2024-01-07,5,108.90414499171196,beauty
user_00905,59,F,Blancharddan,2024-07-05,3,142.15069250606257,fashion
user_00906,49,M,Marin-la-Forêt,2025-07-11,2,48.14560308509607,beauty
user_00907,36,F,Grondin-sur-Mer,2024-07-28,4,83.23455752101411,beauty
user_00908,58,M,Goncalves-sur-Albert,2024-01-31,4,123.99962116786402,beauty
user_00909,64,M,Mauryboeuf,2025-05-21,4,113.80915504260004,fashion
user_00910,33,F,Chauvin,2024-10-21,4,87.83582702765405,beauty
user_00911,56,M,Traore,2023-11-09,6,139.18267353510885,fashion
user_00912,53,F,Saint Antoinette,2024-05-18,5,53.01903485116958,beauty
user_00913,36,F,Evrard,2024-10-14,5,83.45373374177045,home
user_00914,31,F,Sainte Marguerite,2025-08-18,5,49.889117572432404,fashion
user_00915,64,M,Gomez,2024-02-02,3,91.10296524285692,sports
user_00916,55,M,Sainte Véronique,2023-10-09,4,71.04272609711234,sports
user_00917,26,F,Rodrigues,2023-11-21,4,109.12314909887561,home
user_00918,21,F,Sainte Inès,2024-06-21,10,152.3176382650915,sports
user_00919,66,F,Gaynec,2024-09-06,6,10.0,electronics
user_00920,40,M,Lebon,2024-05-05,3,71.51212592767357,sports
user_00921,57,M,Fouquet-sur-Mer,2023-10-19,5,73.75074257716258,beauty
user_00922,68,F,Gosselin,2024-11-09,5,27.728309489465964,sports
user_00923,51,F,Renault,2024-12-01,6,108.08695431343023,electronics
user_00924,42,F,MilletVille,2024-05-09,4,38.40150242419061,beauty
user_00925,37,M,Dupré,2025-04-03,8,104.97846513502196,sports
user_00926,48,M,Pons,2025-02-16,6,89.14235225252641,beauty
user_00927,62,F,Coulon,2024-09-11,7,28.416138881469216,electronics
user_00928,37,M,Maury,2025-01-14,6,102.30070440352371,home
user_00929,40,F,Cohen,2025-07-13,3,125.05858992098165,home
user_00930,51,F,Nicolas,2024-10-25,5,79.86530839748909,beauty
user_00931,67,M,Costanec,2024-07-25,4,122.4215587592399,fashion
user_00932,19,M,Cousin,2024-02-16,7,56.86903340367964,home
user_00933,56,F,Sainte Michel,2025-03-20,7,43.97683625539287,fashion
user_00934,34,F,Loiseau,2023-12-22,7,73.43520277262925,fashion
user_00935,52,F,Valette,2025-09-10,4,22.858684619855282,beauty
user_00936,41,M,Moulin,2025-08-15,5,120.59383111990974,sports
user_00937,48,M,PereiraBourg,2024-05-03,3,28.2572832445028,electronics
user_00938,23,M,Leroux,2024-01-27,10,82.54316861282521,electronics
user_00939,56,F,Gonzalez-sur-Marchand,2024-06-03,8,114.7357333878,sports
user_00940,27,F,Aubert-sur-Brunet,2024-09-05,6,85.42014902114143,home
user_00941,57,M,Saint ThomasVille,2024-12-09,5,101.91363625020745,electronics
user_00942,21,M,Aubry,2024-03-27,8,77.28842773560805,electronics
user_00943,62,M,Berthelot-la-Forêt,2025-09-10,3,93.32657540480595,beauty
user_00944,37,M,LenoirBourg,2025-08-08,3,27.47953341969103,fashion
user_00945,34,F,Étiennenec,2024-06-11,8,40.86620783879446,electronics
user_00946,23,M,Pires-sur-Legendre,2025-06-06,9,144.5090095730806,home
user_00947,52,F,Moulin,2025-03-15,4,85.35641303553376,home
user_00948,36,M,Carlier,2024-01-29,7,10.0,home
user_00949,58,M,Gay-la-Forêt,2023-10-12,3,118.25598160024762,home
user_00950,57,M,Masson-sur-Gomes,2025-01-27,5,82.91864899179012,fashion
user_00951,48,F,Baron,2025-01-21,3,141.76035309969086,sports
user_00952,40,M,Sainte Vincentnec,2023-12-27,4,71.29907154930261,beauty
user_00953,32,M,Dufourdan,2025-04-26,6,95.16980541428259,fashion
user_00954,43,F,Pascal,2024-12-27,5,85.99857483572048,beauty
user_00955,65,F,Lemoine,2025-09-25,11,114.34881906885873,beauty
user_00956,23,F,Saint Alexandrie,2024-09-05,5,67.01080015536388,fashion
user_00957,19,F,Gomez,2024-08-12,3,97.35858997185429,home
user_00958,18,M,Traore,2024-02-22,6,93.11224402624146,fashion
user_00959,20,M,Sainte Alice,2025-05-02,9,111.84962308284422,beauty
user_00960,46,F,Vincent-la-Forêt,2024-05-24,7,96.23323673355495,home
user_00961,65,F,Bailly-sur-Hernandez,2024-04-11,6,112.03620341476923,fashion
user_00962,66,M,Gomez,2023-11-13,3,67.02073180014325,fashion
user_00963,49,M,Boutin,2024-09-06,6,106.81501644950731,home
user_00964,35,M,Girardboeuf,2024-11-28,1,69.8591593076336,home
user_00965,62,M,PetitVille,2025-02-08,6,88.832036588329,home
user_00966,66,M,Sainte Maryse,2025-06-26,4,76.45285700135408,sports
user_00967,40,F,Costa,2025-05-07,4,67.98214856027255,beauty
user_00968,30,F,Delmas,2023-10-30,8,108.28685514172318,fashion
user_00969,37,F,Charrier-la-Forêt,2025-08-30,5,70.481996651463,beauty
user_00970,37,M,Lecomte-sur-Mer,2023-10-31,0,60.36520875413991,fashion
user_00971,31,M,Sainte Nathalieboeuf,2024-10-25,3,101.12551380919427,fashion
user_00972,31,M,Georges,2024-04-05,4,64.32387858744899,beauty
user_00973,44,F,Bernard,2024-09-02,2,42.934120427318696,electronics
user_00974,21,F,Chrétien,2023-12-21,10,74.19169459369073,beauty
user_00975,64,F,Chevalier-sur-Monnier,2025-06-11,1,103.67594031811582,home
user_00976,40,M,Girardnec,2023-12-11,0,89.1072227622143,sports
user_00977,37,M,Rocher-sur-Mer,2025-06-18,5,10.0,beauty
user_00978,57,F,De Oliveira-sur-Da Silva,2024-12-07,5,39.05978158125498,beauty
user_00979,61,F,Delannoy-la-Forêt,2023-12-24,4,108.64365414080387,fashion
user_00980,46,F,Legrandnec,2024-11-14,6,114.32635605562946,sports
user_00981,19,F,Fouquetnec,2024-05-04,6,82.04990973422503,electronics
user_00982,31,F,Fabre,2024-02-15,2,46.43486430916293,sports
user_00983,35,M,Lévy,2024-08-28,4,45.922675631393886,electronics
user_00984,20,M,Gimenez-sur-Guillou,2024-05-23,5,95.38057078460447,sports
user_00985,25,F,Saint Christophe-sur-Mer,2024-10-06,3,92.78545528136286,fashion
user_00986,43,F,Henry-sur-Lecomte,2024-07-30,4,53.06102099343096,fashion
user_00987,35,M,Guillotdan,2025-07-19,4,125.55514707236158,home
user_00988,38,M,DuhamelVille,2024-02-15,3,106.20021104331013,fashion
user_00989,57,M,Boyer,2024-11-09,4,120.44383736768133,fashion
user_00990,60,M,Rocherboeuf,2024-02-01,2,88.74120709091395,beauty
user_00991,32,F,Durand-sur-Mer,2025-05-09,6,73.8981014648446,electronics
user_00992,51,F,Bodinnec,2024-07-21,5,128.4083243916094,home
user_00993,49,M,Vidal,2024-10-09,4,65.17497292569563,beauty
user_00994,19,M,Weber,2024-08-09,4,73.73777660548114,electronics
user_00995,57,M,RocheVille,2023-11-09,6,83.5351049219889,electronics
user_00996,25,F,Lacombe-sur-Colin,2023-12-24,10,56.806086664206056,fashion
user_00997,62,M,Leclercq-les-Bains,2024-09-09,7,92.40033689598272,fashion
user_00998,64,F,Didier-sur-Mer,2024-04-23,4,83.6667108441613,home
user_00999,18,F,Royer-sur-Jacquot,2024-04-22,7,101.3755149350078,home
